Username,Followers,Following,Likes,Bio,Email
annaa.42,11.6K,2532,527K,No bio available,Not Available
yourfavoriteelbow97,273.2K,161,38.9M,No bio available,Not Available
sara4hlee,600,0,5282,No bio available,Not Available
thanhiboo,52.6K,198,3.4M,No bio available,Not Available
chloeesterol,44.1K,210,6.8M,No bio available,Not Available
wang.sisters,N/A,N/A,N/A,No bio available,Not Available
sabahslays,16.5K,132,586.4K,No bio available,Not Available
hiseoo,43.2K,386,44.2K,No bio available,Not Available
cashmoneyfart,15.7K,494,916.2K,No bio available,Not Available
jungnankang,46.8K,1162,7.6M,No bio available,Not Available
gabbyhua,355.8K,349,12.4M,No bio available,Not Available
ch3rbet,654K,101,11.1M,No bio available,Not Available
shrimpdumplinggg,42.9K,1388,3.6M,No bio available,Not Available
edacyu,5262,279,274.9K,No bio available,Not Available
ninagessler,343.4K,210,3.4M,No bio available,Not Available
profsarina,30.2K,57,2.9M,No bio available,Not Available
babyydabz,134.5K,126,5.9M,No bio available,Not Available
alleggy,6093,182,172.1K,No bio available,Not Available
cindy.dangg,8352,306,154.8K,No bio available,Not Available
kailawenn,89.6K,238,4.8M,No bio available,Not Available
haileyywongg,2298,155,17.1K,No bio available,Not Available
lex.inee,6997,107,3.8M,No bio available,Not Available
haninoelle,43K,42,1.3M,No bio available,Not Available
julissadoesntfwyou,31K,178,2.5M,No bio available,Not Available
yejeanl,34.6K,112,1M,No bio available,Not Available
aimee2127,164.3K,64,4.1M,No bio available,Not Available
xmrnda,5151,277,81.8K,No bio available,Not Available
racheljeong_,2616,135,96.1K,No bio available,Not Available
